{
	"info": {
		"_postman_id": "06221f98-d8f3-47e0-a09e-01807f87dbb0",
		"name": "mobile_dci",
		"schema": "https://schema.getpostman.com/json/collection/v2.1.0/collection.json",
		"_exporter_id": "23417637"
	},
	"item": [
		{
			"name": "Logout",
			"request": {
				"method": "POST",
				"header": [],
				"body": {
					"mode": "urlencoded",
					"urlencoded": [
						{
							"key": "uid",
							"value": "{{uid}}",
							"type": "text"
						}
					]
				},
				"url": {
					"raw": "http://localhost/mobile_dci/user_logout.php",
					"protocol": "http",
					"host": [
						"localhost"
					],
					"path": [
						"mobile_dci",
						"user_logout.php"
					]
				}
			},
			"response": [
				{
					"name": "hasilLogout",
					"originalRequest": {
						"method": "POST",
						"header": [],
						"body": {
							"mode": "urlencoded",
							"urlencoded": [
								{
									"key": "uid",
									"value": "12",
									"type": "text"
								}
							]
						},
						"url": {
							"raw": "http://localhost/mobile_dci/user_logout.php",
							"protocol": "http",
							"host": [
								"localhost"
							],
							"path": [
								"mobile_dci",
								"user_logout.php"
							]
						}
					},
					"status": "OK",
					"code": 200,
					"_postman_previewlanguage": "html",
					"header": [
						{
							"key": "Date",
							"value": "Sun, 26 Nov 2023 12:28:05 GMT"
						},
						{
							"key": "Server",
							"value": "Apache/2.4.56 (Win64) OpenSSL/1.1.1t PHP/8.0.28"
						},
						{
							"key": "X-Powered-By",
							"value": "PHP/8.0.28"
						},
						{
							"key": "Content-Length",
							"value": "40"
						},
						{
							"key": "Keep-Alive",
							"value": "timeout=5, max=100"
						},
						{
							"key": "Connection",
							"value": "Keep-Alive"
						},
						{
							"key": "Content-Type",
							"value": "text/html; charset=UTF-8"
						}
					],
					"cookie": [],
					"body": "{\"status\":{\"message\":\"Berhasil logout\"}}"
				}
			]
		},
		{
			"name": "Login",
			"request": {
				"method": "POST",
				"header": [],
				"body": {
					"mode": "urlencoded",
					"urlencoded": [
						{
							"key": "username",
							"value": "{{username}}",
							"type": "text"
						},
						{
							"key": "password",
							"value": "{{password}}",
							"type": "text"
						}
					]
				},
				"url": {
					"raw": "http://localhost/mobile_dci/cek_user.php",
					"protocol": "http",
					"host": [
						"localhost"
					],
					"path": [
						"mobile_dci",
						"cek_user.php"
					]
				}
			},
			"response": [
				{
					"name": "Login",
					"originalRequest": {
						"method": "POST",
						"header": [],
						"body": {
							"mode": "urlencoded",
							"urlencoded": [
								{
									"key": "username",
									"value": "Daniel Fahrezy",
									"type": "text"
								},
								{
									"key": "password",
									"value": "Daniel123",
									"type": "text"
								}
							]
						},
						"url": {
							"raw": "http://localhost/mobile_dci/cek_user.php",
							"protocol": "http",
							"host": [
								"localhost"
							],
							"path": [
								"mobile_dci",
								"cek_user.php"
							]
						}
					},
					"status": "OK",
					"code": 200,
					"_postman_previewlanguage": "html",
					"header": [
						{
							"key": "Date",
							"value": "Sun, 26 Nov 2023 12:29:53 GMT"
						},
						{
							"key": "Server",
							"value": "Apache/2.4.56 (Win64) OpenSSL/1.1.1t PHP/8.0.28"
						},
						{
							"key": "X-Powered-By",
							"value": "PHP/8.0.28"
						},
						{
							"key": "Content-Length",
							"value": "40"
						},
						{
							"key": "Keep-Alive",
							"value": "timeout=5, max=100"
						},
						{
							"key": "Connection",
							"value": "Keep-Alive"
						},
						{
							"key": "Content-Type",
							"value": "text/html; charset=UTF-8"
						}
					],
					"cookie": [],
					"body": "{\"pesan\":{\"message\":\"User sudah login\"}}"
				}
			]
		},
		{
			"name": "Get All User",
			"request": {
				"method": "GET",
				"header": [],
				"url": {
					"raw": "http://localhost/mobile_dci/get_user.php?=",
					"protocol": "http",
					"host": [
						"localhost"
					],
					"path": [
						"mobile_dci",
						"get_user.php"
					],
					"query": [
						{
							"key": "",
							"value": ""
						}
					]
				}
			},
			"response": []
		},
		{
			"name": "Insert Data",
			"request": {
				"method": "POST",
				"header": [],
				"body": {
					"mode": "urlencoded",
					"urlencoded": [
						{
							"key": "username",
							"value": "{{newUsername}}",
							"type": "text"
						},
						{
							"key": "password",
							"value": "{{newPassword}}",
							"type": "text"
						},
						{
							"key": "no_hp",
							"value": "{{newPassword}}",
							"type": "text"
						}
					]
				},
				"url": {
					"raw": "http://localhost/mobile_dci/create_user.php",
					"protocol": "http",
					"host": [
						"localhost"
					],
					"path": [
						"mobile_dci",
						"create_user.php"
					]
				}
			},
			"response": []
		},
		{
			"name": "Cek Login Aktif",
			"request": {
				"method": "GET",
				"header": [],
				"url": {
					"raw": "http://localhost/mobile_dci/cek_login.php",
					"protocol": "http",
					"host": [
						"localhost"
					],
					"path": [
						"mobile_dci",
						"cek_login.php"
					]
				}
			},
			"response": []
		},
		{
			"name": "Update User",
			"request": {
				"method": "POST",
				"header": [],
				"body": {
					"mode": "urlencoded",
					"urlencoded": [
						{
							"key": "uid",
							"value": "70",
							"type": "text"
						},
						{
							"key": "user_name",
							"value": "joni",
							"type": "text"
						},
						{
							"key": "password",
							"value": "joni123",
							"type": "text"
						},
						{
							"key": "no_hp",
							"value": "+62 987-9098-89709",
							"type": "text"
						}
					]
				},
				"url": {
					"raw": "http://localhost/mobile_dci/update_user.php",
					"protocol": "http",
					"host": [
						"localhost"
					],
					"path": [
						"mobile_dci",
						"update_user.php"
					]
				}
			},
			"response": []
		},
		{
			"name": "Delete  User",
			"request": {
				"method": "POST",
				"header": [],
				"body": {
					"mode": "urlencoded",
					"urlencoded": [
						{
							"key": "uid",
							"value": "{{newUid}}",
							"type": "text"
						}
					]
				},
				"url": {
					"raw": "http://localhost/mobile_dci/delete_user.php",
					"protocol": "http",
					"host": [
						"localhost"
					],
					"path": [
						"mobile_dci",
						"delete_user.php"
					]
				}
			},
			"response": []
		}
	]
}