{
	"id": "2de97e9c-96d3-4fb8-9fd2-ceed2bef93a2",
	"name": "mobile_dci",
	"values": [
		{
			"key": "username",
			"value": "Ridwan Tauhid",
			"type": "default",
			"enabled": true
		},
		{
			"key": "password",
			"value": "Ridwan123",
			"type": "default",
			"enabled": true
		},
		{
			"key": "no_hp",
			"value": "+62 821-6541-47889",
			"type": "default",
			"enabled": true
		},
		{
			"key": "uid",
			"value": "58",
			"type": "default",
			"enabled": true
		},
		{
			"key": "newUsername",
			"value": "Ramadan Ismukibal",
			"type": "default",
			"enabled": true
		},
		{
			"key": "newPassword",
			"value": "Ramadan123",
			"type": "default",
			"enabled": true
		},
		{
			"key": "newNoHp",
			"value": "+62 856-1456-90876",
			"type": "default",
			"enabled": true
		},
		{
			"key": "newUid",
			"value": "45",
			"type": "default",
			"enabled": true
		},
		{
			"key": "cekUsername",
			"value": "Syidik Sihabudin",
			"type": "default",
			"enabled": true
		},
		{
			"key": "cekPassword",
			"value": "Syidik123",
			"type": "default",
			"enabled": true
		}
	],
	"_postman_variable_scope": "environment",
	"_postman_exported_at": "2023-11-26T15:04:58.467Z",
	"_postman_exported_using": "Postman/10.20.3"
}